year,sofifa_id,player_url,short_name,long_name,age,dob,height_cm,weight_kg,nationality,club,overall,potential,value_eur,wage_eur,player_positions,preferred_foot,international_reputation,weak_foot,skill_moves,work_rate,body_type,real_face,release_clause_eur,player_tags,team_position,team_jersey_number,loaned_from,joined,contract_valid_until,nation_position,nation_jersey_number,pace,shooting,passing,dribbling,defending,physic,gk_diving,gk_handling,gk_kicking,gk_reflexes,gk_speed,gk_positioning,player_traits,attacking_crossing,attacking_finishing,attacking_heading_accuracy,attacking_short_passing,attacking_volleys,skill_dribbling,skill_curve,skill_fk_accuracy,skill_long_passing,skill_ball_control,movement_acceleration,movement_sprint_speed,movement_agility,movement_reactions,movement_balance,power_shot_power,power_jumping,power_stamina,power_strength,power_long_shots,mentality_aggression,mentality_interceptions,mentality_positioning,mentality_vision,mentality_penalties,mentality_composure,defending_marking,defending_standing_tackle,defending_sliding_tackle,goalkeeping_diving,goalkeeping_handling,goalkeeping_kicking,goalkeeping_positioning,goalkeeping_reflexes,ls,st,rs,lw,lf,cf,rf,rw,lam,cam,ram,lm,lcm,cm,rcm,rm,lwb,ldm,cdm,rdm,rwb,lb,lcb,cb,rcb,rb
,,,,,,,,,,,,,,,,,,,,,,,,,,,,,,,,,,,,,,,,,,,,,,,,,,,,,,,,,,,,,,,,,,,,,,,,,,,,,,,,,,,,,,,,,,,,,,,,,,,,,,,,
20,212831,https://sofifa.com/player/212831/alisson-ramses-becker/20/159586,Alisson,Alisson Ramses Becker,26,10/2/1992,191,91,Brazil,Liverpool,89,91,58000000,155000,GK,Right,3,3,1,Medium/Medium,Normal,Yes,111700000,,GK,1,,7/19/2018,2024,,,,,,,,,85,84,85,89,51,90,"Flair, Swerve Pass",17,13,19,45,20,27,19,18,44,30,56,47,40,88,37,64,52,32,78,14,27,11,13,66,23,65,15,19,16,85,84,85,90,89,,,,,,,,,,,,,,,,,,,,,,,,,,
,,,,,,,,,,,,,,,,,,,,,,,,,,,,,,,,,,,,,,,,,,,,,,,,,,,,,,,,,,,,,,,,,,,,,,,,,,,,,,,,,,,,,,,,,,,,,,,,,,,,,,,,
19,212831,https://sofifa.com/player/212831/alisson-ramses-becker/19/159222,Alisson,Alisson Ramses Becker,25,10/2/1992,191,91,Brazil,Liverpool,85,90,36500000,115000,GK,Right,3,3,1,Medium/Medium,Normal,Yes,70300000,,GK,13,,7/19/2018,2024,,,,,,,,,82,81,85,88,49,83,"Puncher, GK Long Throw, Rushes Out Of Goal",17,13,19,45,20,27,19,18,44,30,54,45,40,83,37,21,52,32,78,14,27,11,13,66,23,65,15,19,16,82,81,85,83,88,,,,,,,,,,,,,,,,,,,,,,,,,,
,,,,,,,,,,,,,,,,,,,,,,,,,,,,,,,,,,,,,,,,,,,,,,,,,,,,,,,,,,,,,,,,,,,,,,,,,,,,,,,,,,,,,,,,,,,,,,,,,,,,,,,,
18,212831,https://sofifa.com/player/212831/alisson-ramses-becker/18/158855,Alisson,Alisson Ramses Becker,24,10/2/1992,191,91,Brazil,Roma,80,84,14000000,45000,GK,Right,1,2,1,Medium/Medium,Normal,No,24900000,,GK,19,,7/6/2016,2021,GK,1,,,,,,,75,76,70,86,39,78,,17,13,19,27,20,16,19,18,20,21,44,35,30,82+1,37,21,52,32,78,14,27,11,13,65,23,62,20,19,16,75,76,70,78,86,,,,,,,,,,,,,,,,,,,,,,,,,,
,,,,,,,,,,,,,,,,,,,,,,,,,,,,,,,,,,,,,,,,,,,,,,,,,,,,,,,,,,,,,,,,,,,,,,,,,,,,,,,,,,,,,,,,,,,,,,,,,,,,,,,,
17,212831,https://sofifa.com/player/212831/alisson-ramses-becker/17/158492,Alisson,Alisson Ramses Becker,23,10/2/1992,191,91,Brazil,Roma,80,86,17000000,60000,GK,Right,1,2,1,Medium/Medium,Normal,No,,,SUB,19,,7/6/2016,2021,GK,1,,,,,,,75,76,70,86,39,78,,17,13,19,27,20,16,19,18,20,21,44,35,30,81,37,21,52,32,78,14,27,11,13,65,23,60,20,19,16,75,76,70,78,86,,,,,,,,,,,,,,,,,,,,,,,,,,
,,,,,,,,,,,,,,,,,,,,,,,,,,,,,,,,,,,,,,,,,,,,,,,,,,,,,,,,,,,,,,,,,,,,,,,,,,,,,,,,,,,,,,,,,,,,,,,,,,,,,,,,
16,,,,,,,,,,,,,,,,,,,,,,,,,,,,,,,,,,,,,,,,,,,,,,,,,,,,,,,,,,,,,,,,,,,,,,,,,,,,,,,,,,,,,,,,,,,,,,,,,,,,,,,,
,,,,,,,,,,,,,,,,,,,,,,,,,,,,,,,,,,,,,,,,,,,,,,,,,,,,,,,,,,,,,,,,,,,,,,,,,,,,,,,,,,,,,,,,,,,,,,,,,,,,,,,,
15,,,,,,,,,,,,,,,,,,,,,,,,,,,,,,,,,,,,,,,,,,,,,,,,,,,,,,,,,,,,,,,,,,,,,,,,,,,,,,,,,,,,,,,,,,,,,,,,,,,,,,,,
