year,sofifa_id,player_url,short_name,long_name,age,dob,height_cm,weight_kg,nationality,club,overall,potential,value_eur,wage_eur,player_positions,preferred_foot,international_reputation,weak_foot,skill_moves,work_rate,body_type,real_face,release_clause_eur,player_tags,team_position,team_jersey_number,loaned_from,joined,contract_valid_until,nation_position,nation_jersey_number,pace,shooting,passing,dribbling,defending,physic,gk_diving,gk_handling,gk_kicking,gk_reflexes,gk_speed,gk_positioning,player_traits,attacking_crossing,attacking_finishing,attacking_heading_accuracy,attacking_short_passing,attacking_volleys,skill_dribbling,skill_curve,skill_fk_accuracy,skill_long_passing,skill_ball_control,movement_acceleration,movement_sprint_speed,movement_agility,movement_reactions,movement_balance,power_shot_power,power_jumping,power_stamina,power_strength,power_long_shots,mentality_aggression,mentality_interceptions,mentality_positioning,mentality_vision,mentality_penalties,mentality_composure,defending_marking,defending_standing_tackle,defending_sliding_tackle,goalkeeping_diving,goalkeeping_handling,goalkeeping_kicking,goalkeeping_positioning,goalkeeping_reflexes,ls,st,rs,lw,lf,cf,rf,rw,lam,cam,ram,lm,lcm,cm,rcm,rm,lwb,ldm,cdm,rdm,rwb,lb,lcb,cb,rcb,rb
,,,,,,,,,,,,,,,,,,,,,,,,,,,,,,,,,,,,,,,,,,,,,,,,,,,,,,,,,,,,,,,,,,,,,,,,,,,,,,,,,,,,,,,,,,,,,,,,,,,,,,,,
20,192985,https://sofifa.com/player/192985/kevin-de-bruyne/20/159586,K. De Bruyne,Kevin De Bruyne,28,6/28/1991,181,70,Belgium,Manchester City,91,91,90000000,370000,"CAM, CM",Right,4,5,4,High/High,Normal,Yes,166500000,"#Dribbler, #Playmaker  , #Engine, #Distance Shooter, #Crosser, #Complete Midfielder",RCM,17,,8/30/2015,2023,RCM,7,76,86,92,86,61,78,,,,,,,"Power Free-Kick, Avoids Using Weaker Foot, Dives Into Tackles (CPU AI Only), Leadership, Argues with Officials, Finesse Shot",93,82,55,92,82,86,85,83,91,91,77,76,78,91,76,91,63,89,74,90,76,61,88,94,79,91,68,58,51,15,13,5,10,13,82+3,82+3,82+3,87+3,87+3,87+3,87+3,87+3,88+3,88+3,88+3,88+3,87+3,87+3,87+3,88+3,77+3,77+3,77+3,77+3,77+3,73+3,66+3,66+3,66+3,73+3
,,,,,,,,,,,,,,,,,,,,,,,,,,,,,,,,,,,,,,,,,,,,,,,,,,,,,,,,,,,,,,,,,,,,,,,,,,,,,,,,,,,,,,,,,,,,,,,,,,,,,,,,
19,192985,https://sofifa.com/player/192985/kevin-de-bruyne/19/159222,K. De Bruyne,Kevin De Bruyne,27,6/28/1991,181,70,Belgium,Manchester City,91,92,102000000,355000,"CAM, CM",Right,4,5,4,High/High,Normal,Yes,196400000,"#Dribbler, #Playmaker  , #Engine, #Distance Shooter, #Crosser, #Complete Midfielder",RCM,17,,8/30/2015,2023,RCM,7,77,86,92,87,60,78,,,,,,,"Leadership, Early Crosser, Long Passer (CPU AI Only), Long Shot Taker (CPU AI Only), Playmaker (CPU AI Only)",93,83,55,92,82,86,85,83,91,91,78,76,79,91,77,91,63,90,75,91,76,60,87,94,79,88,67,58,51,15,13,5,10,13,82+3,82+3,82+3,87+3,87+3,87+3,87+3,87+3,88+3,88+3,88+3,88+3,87+3,87+3,87+3,88+3,77+3,77+3,77+3,77+3,77+3,73+3,66+3,66+3,66+3,73+3
,,,,,,,,,,,,,,,,,,,,,,,,,,,,,,,,,,,,,,,,,,,,,,,,,,,,,,,,,,,,,,,,,,,,,,,,,,,,,,,,,,,,,,,,,,,,,,,,,,,,,,,,
18,192985,https://sofifa.com/player/192985/kevin-de-bruyne/18/158855,K. De Bruyne,Kevin De Bruyne,26,6/28/1991,181,68,Belgium,Manchester City,89,92,83000000,285000,"CAM, CM, RM",Right,4,4,4,High/High,Normal,Yes,159800000,"#Playmaker  , #Engine, #Crosser, #Complete Midfielder",RCM,17,,8/30/2015,2021,RCM,7,75,84,88,85,45,75,,,,,,,"Early Crosser, Long Passer (CPU AI Only), Long Shot Taker (CPU AI Only), Playmaker (CPU AI Only), Set Play Specialist",90,83,53,90+1,82,85,83+2,83-1,84+2,87+1,76,75-3,80+2,88,75,85,65,87+2,73,86,68,56+4,84,90+2,77,84,30,51+12,40,15,13,5,10,13,81+3,81+3,81+3,86+3,85+3,85+3,85+3,86+3,86+3,86+3,86+3,86+3,84+3,84+3,84+3,86+3,71+3,70+3,70+3,70+3,71+3,66+3,58+3,58+3,58+3,66+3
,,,,,,,,,,,,,,,,,,,,,,,,,,,,,,,,,,,,,,,,,,,,,,,,,,,,,,,,,,,,,,,,,,,,,,,,,,,,,,,,,,,,,,,,,,,,,,,,,,,,,,,,
17,192985,https://sofifa.com/player/192985/kevin-de-bruyne/17/158492,K. De Bruyne,Kevin De Bruyne,25,6/28/1991,181,76,Belgium,Manchester City,88,91,65500000,160000,"CAM, RM, LM",Right,4,4,4,High/Medium,Normal,Yes,,#Playmaker  ,RCM,17,,8/30/2015,2021,RF,7,77,83,86,84,40,75,,,,,,,"Early Crosser, Long Passer (CPU AI Only), Long Shot Taker (CPU AI Only), Set Play Specialist",90,82,53,88,82,85,78,77,82,86,76,78,78,87,75,84,65,85,73,85,68,52,83,88,77,82,30,39,40,15,13,5,10,13,80+3,80+3,80+3,85+3,84+3,84+3,84+3,85+3,85+3,85+3,85+3,85+3,82+3,82+3,82+3,85+3,69+3,67+3,67+3,67+3,69+3,64+3,55+3,55+3,55+3,64+3
,,,,,,,,,,,,,,,,,,,,,,,,,,,,,,,,,,,,,,,,,,,,,,,,,,,,,,,,,,,,,,,,,,,,,,,,,,,,,,,,,,,,,,,,,,,,,,,,,,,,,,,,
16,192985,https://sofifa.com/player/192985/kevin-de-bruyne/16/158127,K. De Bruyne,Kevin De Bruyne,24,6/28/1991,181,76,Belgium,Manchester City,86,89,50500000,190000,"CAM, LM, RM",Right,3,5,4,High/Medium,Normal,Yes,,#Playmaker  ,CAM,17,,8/30/2015,2021,RM,7,77,83,86,84,40,75,,,,,,,"Long Passer (CPU AI Only), Long Shot Taker (CPU AI Only)",90+10,82,53,88+1,82+1,85,78+2,77,82,86,76-1,78,78-1,87+2,75-4,84,65,85,73-2,85-1,68+5,52,83,88,77+2,,30-7,39,40,15,13,5,10,13,80+1,80+1,80+1,84+1,84+1,84+1,84+1,84+1,85+1,85+1,85+1,85+1,82+1,82+1,82+1,85+1,69+1,67+1,67+1,67+1,69+1,64+1,55+1,55+1,55+1,64+1
,,,,,,,,,,,,,,,,,,,,,,,,,,,,,,,,,,,,,,,,,,,,,,,,,,,,,,,,,,,,,,,,,,,,,,,,,,,,,,,,,,,,,,,,,,,,,,,,,,,,,,,,
15,192985,https://sofifa.com/player/192985/kevin-de-bruyne/15/157759,K. De Bruyne,Kevin De Bruyne,23,6/28/1991,181,76,Belgium,VfL Wolfsburg,81,86,0,0,"CAM, LM, RM",Right,2,5,4,High/Medium,Normal,Yes,,,LM,14,,1/18/2014,2019,RCM,7,77,80,80,82,41,69,,,,,,,"Long Passer (CPU AI Only), Long Shot Taker (CPU AI Only)",78,78,41,82,78,82,76,76,81-1,83+1,75,78-4,78,78,79+2,82,65,83-2,74,83,42,52,82,80,75,,37,39,40,15,13,5,10,13,76+0,76+0,76+0,80+0,79+0,79+0,79+0,80+0,81+0,81+0,81+0,80+0,77+0,77+0,77+0,80+0,65+0,66+0,66+0,66+0,65+0,58+0,51+0,51+0,51+0,58+0
