year,sofifa_id,player_url,short_name,long_name,age,dob,height_cm,weight_kg,nationality,club,overall,potential,value_eur,wage_eur,player_positions,preferred_foot,international_reputation,weak_foot,skill_moves,work_rate,body_type,real_face,release_clause_eur,player_tags,team_position,team_jersey_number,loaned_from,joined,contract_valid_until,nation_position,nation_jersey_number,pace,shooting,passing,dribbling,defending,physic,gk_diving,gk_handling,gk_kicking,gk_reflexes,gk_speed,gk_positioning,player_traits,attacking_crossing,attacking_finishing,attacking_heading_accuracy,attacking_short_passing,attacking_volleys,skill_dribbling,skill_curve,skill_fk_accuracy,skill_long_passing,skill_ball_control,movement_acceleration,movement_sprint_speed,movement_agility,movement_reactions,movement_balance,power_shot_power,power_jumping,power_stamina,power_strength,power_long_shots,mentality_aggression,mentality_interceptions,mentality_positioning,mentality_vision,mentality_penalties,mentality_composure,defending_marking,defending_standing_tackle,defending_sliding_tackle,goalkeeping_diving,goalkeeping_handling,goalkeeping_kicking,goalkeeping_positioning,goalkeeping_reflexes,ls,st,rs,lw,lf,cf,rf,rw,lam,cam,ram,lm,lcm,cm,rcm,rm,lwb,ldm,cdm,rdm,rwb,lb,lcb,cb,rcb,rb
,,,,,,,,,,,,,,,,,,,,,,,,,,,,,,,,,,,,,,,,,,,,,,,,,,,,,,,,,,,,,,,,,,,,,,,,,,,,,,,,,,,,,,,,,,,,,,,,,,,,,,,,
20,183277,https://sofifa.com/player/183277/eden-hazard/20/159586,E. Hazard,Eden Hazard,28,1/7/1991,175,74,Belgium,Real Madrid,91,91,90000000,470000,"LW, CF",Right,4,4,4,High/Medium,Normal,Yes,184500000,"#Speedster, #Dribbler, #Acrobat",LW,7,,7/1/2019,2024,LF,10,91,83,86,94,35,66,,,,,,,"Beat Offside Trap, Selfish, Finesse Shot, Speed Dribbler (CPU AI Only), Crowd Favourite",81,84,61,89,83,95,83,79,83,94,94,88,95,90,94,82,56,84,63,80,54,41,87,89,88,91,34,27,22,11,12,6,8,8,83+3,83+3,83+3,89+3,88+3,88+3,88+3,89+3,89+3,89+3,89+3,89+3,83+3,83+3,83+3,89+3,66+3,63+3,63+3,63+3,66+3,61+3,49+3,49+3,49+3,61+3
,,,,,,,,,,,,,,,,,,,,,,,,,,,,,,,,,,,,,,,,,,,,,,,,,,,,,,,,,,,,,,,,,,,,,,,,,,,,,,,,,,,,,,,,,,,,,,,,,,,,,,,,
19,183277,https://sofifa.com/player/183277/eden-hazard/19/159222,E. Hazard,Eden Hazard,27,1/7/1991,173,74,Belgium,Chelsea,91,91,93000000,340000,"LW, CF",Right,4,4,4,High/Medium,Normal,Yes,172100000,"#Speedster, #Dribbler, #Acrobat",LW,10,,7/1/2012,2020,LF,10,91,82,86,94,35,67,,,,,,,"Beat Offside Trap, Finesse Shot, Flair, Playmaker (CPU AI Only), Technical Dribbler (CPU AI Only)",81,84,61,89,80,95,83,79,83,94,93,89,95,90,94,80,56,83,66,80,54,41,87,89,86,91,34,27,22,11,12,6,8,8,83+3,83+3,83+3,89+3,88+3,88+3,88+3,89+3,89+3,89+3,89+3,89+3,82+3,82+3,82+3,89+3,66+3,63+3,63+3,63+3,66+3,60+3,49+3,49+3,49+3,60+3
,,,,,,,,,,,,,,,,,,,,,,,,,,,,,,,,,,,,,,,,,,,,,,,,,,,,,,,,,,,,,,,,,,,,,,,,,,,,,,,,,,,,,,,,,,,,,,,,,,,,,,,,
18,183277,https://sofifa.com/player/183277/eden-hazard/19/159222,E. Hazard,Eden Hazard,27,1/7/1991,173,74,Belgium,Chelsea,91,91,93000000,340000,"LW, CF",Right,4,4,4,High/Medium,Normal,Yes,172100000,"#Speedster, #Dribbler, #Acrobat",LW,10,,7/1/2012,2020,LF,10,91,82,86,94,35,67,,,,,,,"Beat Offside Trap, Finesse Shot, Flair, Playmaker (CPU AI Only), Technical Dribbler (CPU AI Only)",81,84,61,89,80,95,83,79,83,94,93,89,95,90,94,80,56,83,66,80,54,41,87,89,86,91,34,27,22,11,12,6,8,8,83+3,83+3,83+3,89+3,88+3,88+3,88+3,89+3,89+3,89+3,89+3,89+3,82+3,82+3,82+3,89+3,66+3,63+3,63+3,63+3,66+3,60+3,49+3,49+3,49+3,60+3
,,,,,,,,,,,,,,,,,,,,,,,,,,,,,,,,,,,,,,,,,,,,,,,,,,,,,,,,,,,,,,,,,,,,,,,,,,,,,,,,,,,,,,,,,,,,,,,,,,,,,,,,
17,183277,https://sofifa.com/player/183277/eden-hazard/17/158492,E. Hazard,Eden Hazard,25,1/7/1991,173,74,Belgium,Chelsea,88,90,62000000,150000,"LM, CAM, LW",Right,4,4,4,High/Medium,Normal,Yes,,"#Speedster, #Dribbler, #Acrobat",LW,10,,7/1/2012,2020,LF,10,90,81,82,91,32,64,,,,,,,"Injury Free, Finesse Shot, Flair, Playmaker (CPU AI Only), Technical Dribbler (CPU AI Only)",80,80-1,57,82-3,79,93-1,82,79,78-4,90,93,87,92,85-1,90,79,59,74,63,82,54,41,84,86,86,86,25,27,22,11,12,6,8,8,81+3,81+3,81+3,87+3,86+3,86+3,86+3,87+3,87+3,87+3,87+3,86+3,79+3,79+3,79+3,86+3,64+3,60+3,60+3,60+3,64+3,58+3,47+3,47+3,47+3,58+3
,,,,,,,,,,,,,,,,,,,,,,,,,,,,,,,,,,,,,,,,,,,,,,,,,,,,,,,,,,,,,,,,,,,,,,,,,,,,,,,,,,,,,,,,,,,,,,,,,,,,,,,,
16,183277,https://sofifa.com/player/183277/eden-hazard/16/158127,E. Hazard,Eden Hazard,24,1/7/1991,173,74,Belgium,Chelsea,89,91,74000000,240000,LM,Right,4,4,4,High/Medium,Normal,Yes,,"#Speedster, #Dribbler, #Acrobat",LM,10,,7/1/2012,2020,LM,10,90,82,84,92,32,64,,,,,,,"Injury Free, Finesse Shot, Flair, Playmaker (CPU AI Only), Technical Dribbler (CPU AI Only)",80+2,83,57,86,79,94+1,82,79,82,90,93,87,92,86,90,79,59,74,63,82,54,41,86+2,86,86,,25,27,22,11,12,6,8,8,82+2,82+2,82+2,88+2,87+2,87+2,87+2,88+2,88+2,88+2,88+2,87+2,80+2,80+2,80+2,87+2,64+2,61+2,61+2,61+2,64+2,58+2,47+2,47+2,47+2,58+2
,,,,,,,,,,,,,,,,,,,,,,,,,,,,,,,,,,,,,,,,,,,,,,,,,,,,,,,,,,,,,,,,,,,,,,,,,,,,,,,,,,,,,,,,,,,,,,,,,,,,,,,,
15,183277,https://sofifa.com/player/183277/eden-hazard/15/157759,E. Hazard,Eden Hazard,23,1/7/1991,173,74,Belgium,Chelsea,88,90,0,0,"LM, RM",Right,4,4,4,High/Medium,Normal,Yes,,"#Speedster, #Dribbler, #Acrobat",LM,10,,7/1/2012,2017,LM,10,90,82,84,91,32,64,,,,,,,"Injury Free, Selfish, Finesse Shot, Flair, Playmaker (CPU AI Only), Technical Dribbler (CPU AI Only)",78-4,83,57,87+1,79,92+2,82,79,82,89,93+2,87,92,85+1,90,79,59,74+1,63,82,54,41,84,86+1,86+1,,25,27,22,11,12,6,8,8,81+2,81+2,81+2,86+2,84+2,84+2,84+2,86+2,87+2,87+2,87+2,86+2,78+2,78+2,78+2,86+2,62+2,64+2,64+2,64+2,62+2,54+2,46+2,46+2,46+2,54+2
