﻿year,sofifa_id,player_url,short_name,long_name,age,dob,height_cm,weight_kg,nationality,club,overall,potential,value_eur,wage_eur,player_positions,preferred_foot,international_reputation,weak_foot,skill_moves,work_rate,body_type,real_face,release_clause_eur,player_tags,team_position,team_jersey_number,loaned_from,joined,contract_valid_until,nation_position,nation_jersey_number,pace,shooting,passing,dribbling,defending,physic,gk_diving,gk_handling,gk_kicking,gk_reflexes,gk_speed,gk_positioning,player_traits,attacking_crossing,attacking_finishing,attacking_heading_accuracy,attacking_short_passing,attacking_volleys,skill_dribbling,skill_curve,skill_fk_accuracy,skill_long_passing,skill_ball_control,movement_acceleration,movement_sprint_speed,movement_agility,movement_reactions,movement_balance,power_shot_power,power_jumping,power_stamina,power_strength,power_long_shots,mentality_aggression,mentality_interceptions,mentality_positioning,mentality_vision,mentality_penalties,mentality_composure,defending_marking,defending_standing_tackle,defending_sliding_tackle,goalkeeping_diving,goalkeeping_handling,goalkeeping_kicking,goalkeeping_positioning,goalkeeping_reflexes,ls,st,rs,lw,lf,cf,rf,rw,lam,cam,ram,lm,lcm,cm,rcm,rm,lwb,ldm,cdm,rdm,rwb,lb,lcb,cb,rcb,rb
,,,,,,,,,,,,,,,,,,,,,,,,,,,,,,,,,,,,,,,,,,,,,,,,,,,,,,,,,,,,,,,,,,,,,,,,,,,,,,,,,,,,,,,,,,,,,,,,,,,,,,,,
20,158023,https://sofifa.com/player/158023/lionel-messi/20/159586,L. Messi,Lionel Andr√©s Messi Cuccittini,32,6/24/1987,170,72,Argentina,FC Barcelona,94,94,95500000,565000,"RW, CF, ST",Left,5,4,4,Medium/Low,Messi,Yes,195800000,"#Dribbler, #Distance Shooter, #Crosser, #FK Specialist, #Acrobat, #Clinical Finisher, #Complete Forward",RW,10,,7/1/2004,2021,,,87,92,92,96,39,66,,,,,,,"Beat Offside Trap, Argues with Officials, Early Crosser, Finesse Shot, Speed Dribbler (CPU AI Only), 1-on-1 Rush, Giant Throw-in, Outside Foot Shot",88,95,70,92,88,97,93,94,92,96,91,84,93,95,95,86,68,75,68,94,48,40,94,94,75,96,33,37,26,6,11,15,14,8,89+2,89+2,89+2,93+2,93+2,93+2,93+2,93+2,93+2,93+2,93+2,92+2,87+2,87+2,87+2,92+2,68+2,66+2,66+2,66+2,68+2,63+2,52+2,52+2,52+2,63+2
,,,,,,,,,,,,,,,,,,,,,,,,,,,,,,,,,,,,,,,,,,,,,,,,,,,,,,,,,,,,,,,,,,,,,,,,,,,,,,,,,,,,,,,,,,,,,,,,,,,,,,,,
19,158023,https://sofifa.com/player/158023/lionel-messi/19/159222,L. Messi,Lionel Andr√©s Messi Cuccittini,31,6/24/1987,170,72,Argentina,FC Barcelona,94,94,110500000,565000,"CF, RW, ST",Left,5,4,4,Medium/Medium,Messi,Yes,226500000,"#Dribbler, #Distance Shooter, #FK Specialist, #Acrobat, #Clinical Finisher",RW,10,,7/1/2004,2021,CF,10,88,91,88,96,32,61,,,,,,,"Finesse Shot, Long Shot Taker (CPU AI Only), Speed Dribbler (CPU AI Only), Playmaker (CPU AI Only), One Club Player, Chip Shot (CPU AI Only)",77,95,70,90,86,97,93,94,87,96,91,86,91,95,95,85,68,72,59,94,48,22,94,94,75,96,33,28,26,6,11,15,14,8,88+2,88+2,88+2,92+2,93+2,93+2,93+2,92+2,93+2,93+2,93+2,90+2,84+2,84+2,84+2,90+2,63+2,61+2,61+2,61+2,63+2,58+2,47+2,47+2,47+2,58+2
,,,,,,,,,,,,,,,,,,,,,,,,,,,,,,,,,,,,,,,,,,,,,,,,,,,,,,,,,,,,,,,,,,,,,,,,,,,,,,,,,,,,,,,,,,,,,,,,,,,,,,,,
18,158023,https://sofifa.com/player/158023/lionel-messi/18/158855,L. Messi,Lionel Andr√©s Messi Cuccittini,30,6/24/1987,170,72,Argentina,FC Barcelona,93,93,105000000,565000,RW,Left,5,4,4,Medium/Medium,Messi,Yes,215300000,"#Dribbler, #FK Specialist, #Acrobat, #Clinical Finisher",RW,10,,7/1/2004,2018,RW,10,89,90,86,96,26,61,,,,,,,"Finesse Shot, Long Shot Taker (CPU AI Only), Speed Dribbler (CPU AI Only), Playmaker (CPU AI Only), One Club Player, Chip Shot (CPU AI Only)",77,95,71,88,85,97,89,90,87,95,92,87,90,95,95,85,68,73-1,59,88,48,22,93,90,74,96+2,13,28,26,6,11,15,14,8,89+3,89+3,89+3,92+3,93+3,93+3,93+3,92+3,93+3,93+3,93+3,91+3,84+3,84+3,84+3,91+3,62+3,59+3,59+3,59+3,62+3,58+3,46+3,46+3,46+3,58+3
,,,,,,,,,,,,,,,,,,,,,,,,,,,,,,,,,,,,,,,,,,,,,,,,,,,,,,,,,,,,,,,,,,,,,,,,,,,,,,,,,,,,,,,,,,,,,,,,,,,,,,,,
17,158023,https://sofifa.com/player/158023/lionel-messi/17/158492,L. Messi,Lionel Andr√©s Messi Cuccittini,29,6/24/1987,170,72,Argentina,FC Barcelona,93,93,89000000,340000,RW,Left,5,4,4,Medium/Medium,Messi,Yes,,"#Dribbler, #FK Specialist, #Acrobat, #Clinical Finisher",RW,10,,7/1/2004,2018,RW,10,89,90,86,96,26,61,,,,,,,"Finesse Shot, Long Shot Taker (CPU AI Only), Speed Dribbler (CPU AI Only), One Club Player, Chip Shot (CPU AI Only)",77-3,95+2,71,88,85,97+1,89,90,87+8,95-1,92-3,87-3,90-2,95+3,95,83+3,68,74-1,59,88,48,22,93+3,90,74,94,13,28+5,26+5,6,11,15,14,8,89+3,89+3,89+3,92+3,93+3,93+3,93+3,92+3,93+3,93+3,93+3,91+3,84+3,84+3,84+3,91+3,63+3,59+3,59+3,59+3,63+3,58+3,46+3,46+3,46+3,58+3
,,,,,,,,,,,,,,,,,,,,,,,,,,,,,,,,,,,,,,,,,,,,,,,,,,,,,,,,,,,,,,,,,,,,,,,,,,,,,,,,,,,,,,,,,,,,,,,,,,,,,,,,
16,158023,https://sofifa.com/player/158023/lionel-messi/16/158127,L. Messi,Lionel Andr√©s Messi Cuccittini,28,6/24/1987,170,72,Argentina,FC Barcelona,94,95,111000000,550000,"RW, CF",Left,5,4,4,Medium/Low,Messi,Yes,,"#Speedster, #Dribbler, #FK Specialist, #Acrobat, #Clinical Finisher, #Complete Forward",RW,10,,7/1/2004,2018,RW,10,92,88,86,95,24,62,,,,,,,"Finesse Shot, Speed Dribbler (CPU AI Only), One Club Player, Team Player",80-4,93-1,71,88-1,85,96,89,90,79+3,96,95-1,90,92-2,92-2,95,80,68-5,76-1,59-1,88,48,22,90-2,90,74,,13-12,23+2,21+1,6,11,15,14,8,87+3,87+3,87+3,91+3,91+3,91+3,91+3,91+3,91+3,91+3,91+3,90+3,82+3,82+3,82+3,90+3,62+3,57+3,57+3,57+3,62+3,57+3,44+3,44+3,44+3,57+3
,,,,,,,,,,,,,,,,,,,,,,,,,,,,,,,,,,,,,,,,,,,,,,,,,,,,,,,,,,,,,,,,,,,,,,,,,,,,,,,,,,,,,,,,,,,,,,,,,,,,,,,,
15,158023,https://sofifa.com/player/158023/lionel-messi/15/157759,L. Messi,Lionel Andr√©s Messi Cuccittini,27,6/24/1987,169,67,Argentina,FC Barcelona,93,95,0,0,CF,Left,5,3,4,Medium/Low,Normal,Yes,,"#Speedster, #Dribbler, #FK Specialist, #Acrobat, #Clinical Finisher, #Complete Forward",CF,10,,7/1/2004,2018,CF,10,93,89,86,96,27,63,,,,,,,"Finesse Shot, Speed Dribbler (CPU AI Only), One Club Player, Team Player",84,94-3,71,89,85-5,96-1,89+2,90+4,76,96,96,90+2,94,94-2,95,80-1,73,77-1,60,88,48,22,92-1,90,76,,25,21,20,6,11,15,14,8,89+3,89+3,89+3,92+3,90+3,90+3,90+3,92+3,92+3,92+3,92+3,90+3,79+3,79+3,79+3,90+3,62+3,62+3,62+3,62+3,62+3,54+3,45+3,45+3,45+3,54+3
