year,sofifa_id,player_url,short_name,long_name,age,dob,height_cm,weight_kg,nationality,club,overall,potential,value_eur,wage_eur,player_positions,preferred_foot,international_reputation,weak_foot,skill_moves,work_rate,body_type,real_face,release_clause_eur,player_tags,team_position,team_jersey_number,loaned_from,joined,contract_valid_until,nation_position,nation_jersey_number,pace,shooting,passing,dribbling,defending,physic,gk_diving,gk_handling,gk_kicking,gk_reflexes,gk_speed,gk_positioning,player_traits,attacking_crossing,attacking_finishing,attacking_heading_accuracy,attacking_short_passing,attacking_volleys,skill_dribbling,skill_curve,skill_fk_accuracy,skill_long_passing,skill_ball_control,movement_acceleration,movement_sprint_speed,movement_agility,movement_reactions,movement_balance,power_shot_power,power_jumping,power_stamina,power_strength,power_long_shots,mentality_aggression,mentality_interceptions,mentality_positioning,mentality_vision,mentality_penalties,mentality_composure,defending_marking,defending_standing_tackle,defending_sliding_tackle,goalkeeping_diving,goalkeeping_handling,goalkeeping_kicking,goalkeeping_positioning,goalkeeping_reflexes,ls,st,rs,lw,lf,cf,rf,rw,lam,cam,ram,lm,lcm,cm,rcm,rm,lwb,ldm,cdm,rdm,rwb,lb,lcb,cb,rcb,rb
,,,,,,,,,,,,,,,,,,,,,,,,,,,,,,,,,,,,,,,,,,,,,,,,,,,,,,,,,,,,,,,,,,,,,,,,,,,,,,,,,,,,,,,,,,,,,,,,,,,,,,,,
20,177003,https://sofifa.com/player/177003/luka-modric/20/159586,L. Modrić,Luka Modrić,33,9/9/1985,172,66,Croatia,Real Madrid,90,90,45000000,340000,CM,Right,4,4,4,High/High,Lean,Yes,92300000,"#Dribbler, #Playmaker  , #Crosser, #Acrobat, #Complete Midfielder",RCM,10,,8/1/2012,2020,,,74,76,89,89,72,66,,,,,,,"Argues with Officials, Finesse Shot, Speed Dribbler (CPU AI Only), Crowd Favourite",86,72,55,92,76,87,85,78,88,92,77,71,92,89,93,79,68,85,58,82,62,82,79,91,82,92,68,76,71,13,9,7,14,9,77+3,77+3,77+3,84+3,83+3,83+3,83+3,84+3,86+3,86+3,86+3,85+3,87+3,87+3,87+3,85+3,81+3,81+3,81+3,81+3,81+3,79+3,72+3,72+3,72+3,79+3
,,,,,,,,,,,,,,,,,,,,,,,,,,,,,,,,,,,,,,,,,,,,,,,,,,,,,,,,,,,,,,,,,,,,,,,,,,,,,,,,,,,,,,,,,,,,,,,,,,,,,,,,
19,177003,https://sofifa.com/player/177003/luka-modric/19/159222,L. Modrić,Luka Modrić,32,9/9/1985,172,66,Croatia,Real Madrid,91,91,67000000,420000,"CM, CDM",Right,4,4,4,High/High,Lean,Yes,137400000,"#Dribbler, #Playmaker  , #Engine, #Crosser, #Acrobat, #Complete Midfielder",RCM,10,,8/1/2012,2020,,,76,76,90,91,70,67,,,,,,,"Leadership, Long Shot Taker (CPU AI Only), Playmaker (CPU AI Only), Technical Dribbler (CPU AI Only)",86,72,55,93,76,90,85,78,88,93,80,72,93,90,94,79,68,89,58,82,62,83,79,92,82,84,60,76,73,13,9,7,14,9,77+3,77+3,77+3,85+3,84+3,84+3,84+3,85+3,87+3,87+3,87+3,86+3,88+3,88+3,88+3,86+3,82+3,81+3,81+3,81+3,82+3,79+3,71+3,71+3,71+3,79+3
,,,,,,,,,,,,,,,,,,,,,,,,,,,,,,,,,,,,,,,,,,,,,,,,,,,,,,,,,,,,,,,,,,,,,,,,,,,,,,,,,,,,,,,,,,,,,,,,,,,,,,,,
18,177003,https://sofifa.com/player/177003/luka-modric/18/158855,L. Modrić,Luka Modrić,31,9/9/1985,174,65,Croatia,Real Madrid,89,89,57000000,340000,"CM, CDM",Right,4,4,4,High/Medium,Lean,Yes,116900000,"#Dribbler, #Playmaker  , #Acrobat",RCM,10,,8/1/2012,2020,,,73,75,86,89,72,65,,,,,,,"Long Passer (CPU AI Only), Playmaker (CPU AI Only), Technical Dribbler (CPU AI Only)",78,71,55,92,74,86,79,77,83,92,75-2,71,93,88,94,73,67,82-1,58,82,62,76,79,90,80,84+8,66,80,73,13,9,7,14,9,77+3,77+3,77+3,84+3,83+3,83+3,83+3,84+3,86+3,86+3,86+3,84+3,87+3,87+3,87+3,84+3,81+3,81+3,81+3,81+3,81+3,78+3,72+3,72+3,72+3,78+3
,,,,,,,,,,,,,,,,,,,,,,,,,,,,,,,,,,,,,,,,,,,,,,,,,,,,,,,,,,,,,,,,,,,,,,,,,,,,,,,,,,,,,,,,,,,,,,,,,,,,,,,,
17,177003,https://sofifa.com/player/177003/luka-modric/17/158492,L. Modrić,Luka Modrić,30,9/9/1985,174,65,Croatia,Real Madrid,89,89,54000000,160000,"CM, CDM",Right,4,4,4,High/Medium,Lean,Yes,,"#Dribbler, #Playmaker  , #Acrobat",RCM,19,,8/1/2012,2018,,,74,75,86,89,72,66,,,,,,,"Long Passer (CPU AI Only), Playmaker (CPU AI Only), Technical Dribbler (CPU AI Only)",78,71,55,92+6,74-1,86,79,77,83,92,77-1,71-3,93,88,94,73,67,83-4,58-3,82,62,76+3,79,90+1,80,76,66-3,80+5,73,13,9,7,14,9,77+3,77+3,77+3,84+3,83+3,83+3,83+3,84+3,86+3,86+3,86+3,84+3,87+3,87+3,87+3,84+3,81+3,81+3,81+3,81+3,81+3,79+3,72+3,72+3,72+3,79+3
,,,,,,,,,,,,,,,,,,,,,,,,,,,,,,,,,,,,,,,,,,,,,,,,,,,,,,,,,,,,,,,,,,,,,,,,,,,,,,,,,,,,,,,,,,,,,,,,,,,,,,,,
16,177003,https://sofifa.com/player/177003/luka-modric/16/158127,L. Modrić,Luka Modrić,29,9/9/1985,174,65,Croatia,Real Madrid,87,87,41500000,190000,"CM, CDM",Right,4,4,4,High/Medium,Lean,Yes,,"#Dribbler, #Playmaker  , #Acrobat",LDM,19,,8/1/2012,2018,,,76,75,84,89,71,68,,,,,,,"Long Passer (CPU AI Only), Playmaker (CPU AI Only), Technical Dribbler (CPU AI Only)",78,71,55,86-2,75,86,79-3,77-2,83-3,92,78,74,93,88,94,73+1,67,86,61-5,82,62,73,79,89,80,,69,75,73,13,9,7,14,9,76+2,76+2,76+2,83+2,82+2,82+2,82+2,83+2,85+2,85+2,85+2,83+2,85+2,85+2,85+2,83+2,80+2,79+2,79+2,79+2,80+2,77+2,71+2,71+2,71+2,77+2
,,,,,,,,,,,,,,,,,,,,,,,,,,,,,,,,,,,,,,,,,,,,,,,,,,,,,,,,,,,,,,,,,,,,,,,,,,,,,,,,,,,,,,,,,,,,,,,,,,,,,,,,
15,177003,https://sofifa.com/player/177003/luka-modric/15/157759,L. Modrić,Luka Modrić,28,9/9/1985,174,65,Croatia,Real Madrid,87,87,0,0,"CM, CDM",Right,4,4,4,High/Medium,Lean,Yes,,"#Dribbler, #Playmaker  , #Acrobat",RCM,19,,8/1/2012,2018,,,76,74,85,89,71,70,,,,,,,"Long Passer (CPU AI Only), Playmaker (CPU AI Only), Technical Dribbler (CPU AI Only)",78+2,71+1,55-2,88-2,75-1,86+3,82-1,79,86-2,92+2,78-1,74,93,88+4,94,72-1,67,86,66+4,82-2,62-7,73+2,79-1,89-2,80,,69+11,75+7,73+14,13,9,7,14,9,76+2,76+2,76+2,84+2,80+2,80+2,80+2,84+2,85+2,85+2,85+2,85+2,85+2,85+2,85+2,85+2,81+2,80+2,80+2,80+2,81+2,76+2,72+2,72+2,72+2,76+2
