year,sofifa_id,player_url,short_name,long_name,age,dob,height_cm,weight_kg,nationality,club,overall,potential,value_eur,wage_eur,player_positions,preferred_foot,international_reputation,weak_foot,skill_moves,work_rate,body_type,real_face,release_clause_eur,player_tags,team_position,team_jersey_number,loaned_from,joined,contract_valid_until,nation_position,nation_jersey_number,pace,shooting,passing,dribbling,defending,physic,gk_diving,gk_handling,gk_kicking,gk_reflexes,gk_speed,gk_positioning,player_traits,attacking_crossing,attacking_finishing,attacking_heading_accuracy,attacking_short_passing,attacking_volleys,skill_dribbling,skill_curve,skill_fk_accuracy,skill_long_passing,skill_ball_control,movement_acceleration,movement_sprint_speed,movement_agility,movement_reactions,movement_balance,power_shot_power,power_jumping,power_stamina,power_strength,power_long_shots,mentality_aggression,mentality_interceptions,mentality_positioning,mentality_vision,mentality_penalties,mentality_composure,defending_marking,defending_standing_tackle,defending_sliding_tackle,goalkeeping_diving,goalkeeping_handling,goalkeeping_kicking,goalkeeping_positioning,goalkeeping_reflexes,ls,st,rs,lw,lf,cf,rf,rw,lam,cam,ram,lm,lcm,cm,rcm,rm,lwb,ldm,cdm,rdm,rwb,lb,lcb,cb,rcb,rb
,,,,,,,,,,,,,,,,,,,,,,,,,,,,,,,,,,,,,,,,,,,,,,,,,,,,,,,,,,,,,,,,,,,,,,,,,,,,,,,,,,,,,,,,,,,,,,,,,,,,,,,,
20,215914,https://sofifa.com/player/215914/ngolo-kante/20/159586,N. Kanté,N'Golo Kanté,28,3/29/1991,168,72,France,Chelsea,89,90,66000000,235000,"CDM, CM",Right,3,3,2,Medium/High,Normal,Yes,130400000,"#Tackling , #Tactician ",RCM,7,,7/16/2016,2023,LDM,13,78,65,77,81,87,83,,,,,,,Diver,68,65,54,86,56,79,49,49,81,80,79,77,82,93,92,71,77,97,73,63,90,92,72,79,54,85,90,91,85,15,12,10,7,10,72+3,72+3,72+3,77+3,76+3,76+3,76+3,77+3,78+3,78+3,78+3,79+3,82+3,82+3,82+3,79+3,85+3,87+3,87+3,87+3,85+3,84+3,83+3,83+3,83+3,84+3
,,,,,,,,,,,,,,,,,,,,,,,,,,,,,,,,,,,,,,,,,,,,,,,,,,,,,,,,,,,,,,,,,,,,,,,,,,,,,,,,,,,,,,,,,,,,,,,,,,,,,,,,
19,215914,https://sofifa.com/player/215914/ngolo-kante/19/159222,N. Kanté,N'Golo Kanté,27,3/29/1991,168,68,France,Chelsea,89,90,63000000,225000,"CDM, CM",Right,3,3,2,Medium/High,Lean,Yes,121300000,"#Tackling , #Tactician ",RCM,7,,7/16/2016,2021,LDM,13,80,66,77,81,87,84,,,,,,,Injury Free,68,65,54,86,56,79,49,49,81,80,82,78,82,93,92,71,77,96,76,69,90,92,71,79,54,85,90,91,85,15,12,10,7,10,72+3,72+3,72+3,77+3,77+3,77+3,77+3,77+3,79+3,79+3,79+3,79+3,82+3,82+3,82+3,79+3,85+3,87+3,87+3,87+3,85+3,84+3,83+3,83+3,83+3,84+3
,,,,,,,,,,,,,,,,,,,,,,,,,,,,,,,,,,,,,,,,,,,,,,,,,,,,,,,,,,,,,,,,,,,,,,,,,,,,,,,,,,,,,,,,,,,,,,,,,,,,,,,,
18,215914,https://sofifa.com/player/215914/ngolo-kante/18/158855,N. Kanté,N'Golo Kanté,26,3/29/1991,168,68,France,Chelsea,87,90,52500000,190000,"CDM, CM",Right,3,3,3,Medium/High,Normal,Yes,101100000,"#Tackling , #Tactician ",RCM,7,,7/16/2016,2021,LCM,13,81,66,75,79,81,84,,,,,,,,67,65,54,84,56,77+1,49,49,79,79,82-1,80-1,83+3,87+2,90,72,79,94,77+1,66,90,91,71+2,76,54,84,75,89,85,15,12,10,7,10,73+2,73+2,73+2,77+2,76+2,76+2,76+2,77+2,78+2,78+2,78+2,78+2,81+2,81+2,81+2,78+2,83+2,85+2,85+2,85+2,83+2,83+2,82+2,82+2,82+2,83+2
,,,,,,,,,,,,,,,,,,,,,,,,,,,,,,,,,,,,,,,,,,,,,,,,,,,,,,,,,,,,,,,,,,,,,,,,,,,,,,,,,,,,,,,,,,,,,,,,,,,,,,,,
17,215914,https://sofifa.com/player/215914/ngolo-kante/17/158492,N. Kanté,N'Golo Kanté,25,3/29/1991,169,69,France,Chelsea,81,85,21000000,70000,"CM, CDM",Right,3,3,3,Medium/High,Normal,Yes,,#Tactician ,CDM,7,,7/16/2016,2021,CDM,13,80,66,74,77,81,83,,,,,,,,67,65,54,82+2,56,75,49,49,78,78,81,80,74,85+2,90,72,79,94+2,76,66,90,91+1,68,76,54,80,75+2,87+1,83+2,15,12,10,7,10,72+2,72+2,72+2,75+2,75+2,75+2,75+2,75+2,77+2,77+2,77+2,77+2,80+2,80+2,80+2,77+2,82+2,84+2,84+2,84+2,82+2,82+2,81+2,81+2,81+2,82+2
,,,,,,,,,,,,,,,,,,,,,,,,,,,,,,,,,,,,,,,,,,,,,,,,,,,,,,,,,,,,,,,,,,,,,,,,,,,,,,,,,,,,,,,,,,,,,,,,,,,,,,,,
16,215914,https://sofifa.com/player/215914/ngolo-kante/16/158127,N. Kanté,N'Golo Kanté,24,3/29/1991,169,69,France,Leicester City,76,82,7000000,50000,"CM, CDM",Right,1,3,3,Medium/Medium,Normal,No,,,LM,14,,8/3/2015,2019,,,76,66,72,75,66,69,,,,,,,,67+3,65+3,54+3,79+3,56+2,73+4,49+3,49+3,77+3,77+3,78+2,75+2,74+2,76+3,79,72+3,70+3,84+2,66+2,66+3,59+3,80+7,68+3,73-1,54+3,,45-23,78+4,72+6,15+1,12+1,10+1,7+1,10+1,69+0,69+0,69+0,73+0,73+0,73+0,73+0,73+0,74+0,74+0,74+0,74+0,76+0,76+0,76+0,74+0,74+0,74+0,74+0,74+0,74+0,73+0,68+0,68+0,68+0,73+0
,,,,,,,,,,,,,,,,,,,,,,,,,,,,,,,,,,,,,,,,,,,,,,,,,,,,,,,,,,,,,,,,,,,,,,,,,,,,,,,,,,,,,,,,,,,,,,,,,,,,,,,,
15,215914,https://sofifa.com/player/215914/ngolo-kante/15/157759,N. Kanté,N'Golo Kanté,23,3/29/1991,169,69,France,Stade Malherbe Caen,72,76,0,0,"CM, CDM",Right,1,3,3,Medium/Medium,Normal,No,,,RCM,17,,6/18/2013,2016,,,74,63,70,70,65,66,,,,,,,,64+1,67+1,43+1,76+2,54+1,68+2,46+1,46+1,73+2,74+1,73+1,75+1,65+1,73+5,74+1,65+1,67+1,82+8,62+1,58+5,56+1,68+2,65+2,74+2,50+1,,67+1,69+1,58+1,14,11,9,6,9,65+0,65+0,65+0,69+0,67+0,67+0,67+0,69+0,70+0,70+0,70+0,71+0,72+0,72+0,72+0,71+0,70+0,71+0,71+0,71+0,70+0,67+0,63+0,63+0,63+0,67+0
