﻿year,sofifa_id,player_url,short_name,long_name,age,dob,height_cm,weight_kg,nationality,club,overall,potential,value_eur,wage_eur,player_positions,preferred_foot,international_reputation,weak_foot,skill_moves,work_rate,body_type,real_face,release_clause_eur,player_tags,team_position,team_jersey_number,loaned_from,joined,contract_valid_until,nation_position,nation_jersey_number,pace,shooting,passing,dribbling,defending,physic,gk_diving,gk_handling,gk_kicking,gk_reflexes,gk_speed,gk_positioning,player_traits,attacking_crossing,attacking_finishing,attacking_heading_accuracy,attacking_short_passing,attacking_volleys,skill_dribbling,skill_curve,skill_fk_accuracy,skill_long_passing,skill_ball_control,movement_acceleration,movement_sprint_speed,movement_agility,movement_reactions,movement_balance,power_shot_power,power_jumping,power_stamina,power_strength,power_long_shots,mentality_aggression,mentality_interceptions,mentality_positioning,mentality_vision,mentality_penalties,mentality_composure,defending_marking,defending_standing_tackle,defending_sliding_tackle,goalkeeping_diving,goalkeeping_handling,goalkeeping_kicking,goalkeeping_positioning,goalkeeping_reflexes,ls,st,rs,lw,lf,cf,rf,rw,lam,cam,ram,lm,lcm,cm,rcm,rm,lwb,ldm,cdm,rdm,rwb,lb,lcb,cb,rcb,rb
,,,,,,,,,,,,,,,,,,,,,,,,,,,,,,,,,,,,,,,,,,,,,,,,,,,,,,,,,,,,,,,,,,,,,,,,,,,,,,,,,,,,,,,,,,,,,,,,,,,,,,,,
20,190871,https://sofifa.com/player/190871/neymar-da-silva-santos-jr/20/159586,Neymar Jr,Neymar da Silva Santos Junior,27,2/5/1992,175,68,Brazil,Paris Saint-Germain,92,92,105500000,290000,"LW, CAM",Right,5,5,5,High/Medium,Neymar,Yes,195200000,"#Speedster, #Dribbler, #Playmaker¬† , #Crosser, #FK Specialist, #Acrobat, #Clinical Finisher, #Complete Midfielder, #Complete Forward",CAM,10,,8/3/2017,2022,LW,10,91,85,87,95,32,58,,,,,,,"Power Free-Kick, Injury Free, Selfish, Early Crosser, Speed Dribbler (CPU AI Only), Crowd Favourite",87,87,62,87,87,96,88,87,81,95,94,89,96,92,84,80,61,81,49,84,51,36,87,90,90,94,27,26,29,9,9,15,15,11,84+3,84+3,84+3,90+3,89+3,89+3,89+3,90+3,90+3,90+3,90+3,89+3,82+3,82+3,82+3,89+3,66+3,61+3,61+3,61+3,66+3,61+3,46+3,46+3,46+3,61+3
,,,,,,,,,,,,,,,,,,,,,,,,,,,,,,,,,,,,,,,,,,,,,,,,,,,,,,,,,,,,,,,,,,,,,,,,,,,,,,,,,,,,,,,,,,,,,,,,,,,,,,,,
19,190871,https://sofifa.com/player/190871/neymar-da-silva-santos-jr/19/159222,Neymar Jr,Neymar da Silva Santos Junior,26,2/5/1992,175,68,Brazil,Paris Saint-Germain,92,93,118500000,290000,"LW, CAM",Right,5,5,5,High/Medium,Neymar,Yes,228100000,"#Speedster, #Dribbler, #FK Specialist, #Acrobat, #Clinical Finisher, #Complete Forward",CAM,10,,8/3/2017,2022,LW,10,92,84,83,95,32,59,,,,,,,"Diver, Selfish, Flair, Speed Dribbler (CPU AI Only), Technical Dribbler (CPU AI Only), Takes Finesse Free Kicks",79,87,62,84,84,96,88,87,78,95,94,90,96,94,84,80,61,81,49,82,56,36,89,87,81,94,27,24,33,9,9,15,15,11,84+3,84+3,84+3,89+3,89+3,89+3,89+3,89+3,89+3,89+3,89+3,88+3,81+3,81+3,81+3,88+3,65+3,60+3,60+3,60+3,65+3,60+3,47+3,47+3,47+3,60+3
,,,,,,,,,,,,,,,,,,,,,,,,,,,,,,,,,,,,,,,,,,,,,,,,,,,,,,,,,,,,,,,,,,,,,,,,,,,,,,,,,,,,,,,,,,,,,,,,,,,,,,,,
18,190871,https://sofifa.com/player/190871/neymar-da-silva-santos-jr/18/158855,Neymar,Neymar da Silva Santos Junior,25,2/5/1992,175,68,Brazil,Paris Saint-Germain,92,94,123000000,280000,LW,Right,5,5,5,High/Medium,Neymar,Yes,236800000,"#Speedster, #Dribbler, #Acrobat",LW,10,,8/3/2017,2022,LW,10,92,84,79,95,30,60,,,,,,,"Diver, Flair, Speed Dribbler (CPU AI Only), Technical Dribbler (CPU AI Only), Takes Finesse Free Kicks",75,89,62,81,83,96,81,84,75,95,94+1,90,96,88,82,80+2,61,78-1,53,77,56,36,90,80,81,92+12,21,24,33,9,9,15,15,11,85+3,85+3,85+3,89+3,89+3,89+3,89+3,89+3,88+3,88+3,88+3,88+3,79+3,79+3,79+3,88+3,64+3,59+3,59+3,59+3,64+3,60+3,47+3,47+3,47+3,60+3
,,,,,,,,,,,,,,,,,,,,,,,,,,,,,,,,,,,,,,,,,,,,,,,,,,,,,,,,,,,,,,,,,,,,,,,,,,,,,,,,,,,,,,,,,,,,,,,,,,,,,,,,
17,190871,https://sofifa.com/player/190871/neymar-da-silva-santos-jr/17/158492,Neymar,Neymar da Silva Santos Junior,24,2/5/1992,174,68,Brazil,FC Barcelona,92,95,109000000,260000,LW,Right,5,5,5,High/Medium,Neymar,Yes,,"#Speedster, #Dribbler, #Acrobat",LW,11,,7/1/2013,2021,LW,10,91,84,78,95,30,56,,,,,,,"Diver, Flair, Technical Dribbler (CPU AI Only)",75+3,89+1,62,81+3,83,96+2,78,79,75+1,95+2,93+2,90,96+4,88+2,82-2,78,61,70-9,49+4,77+4,56,36,90+1,80+1,81,80,21,24,33,9,9,15,15,11,84+3,84+3,84+3,89+3,89+3,89+3,89+3,89+3,88+3,88+3,88+3,87+3,79+3,79+3,79+3,87+3,64+3,59+3,59+3,59+3,64+3,59+3,46+3,46+3,46+3,59+3
,,,,,,,,,,,,,,,,,,,,,,,,,,,,,,,,,,,,,,,,,,,,,,,,,,,,,,,,,,,,,,,,,,,,,,,,,,,,,,,,,,,,,,,,,,,,,,,,,,,,,,,,
16,190871,https://sofifa.com/player/190871/neymar-da-silva-santos-jr/16/158127,Neymar,Neymar da Silva Santos Junior,23,2/5/1992,174,68,Brazil,FC Barcelona,88,93,71500000,230000,LW,Right,5,5,5,High/Medium,Neymar,Yes,,"#Speedster, #Dribbler, #Acrobat",LW,11,,7/1/2013,2018,LW,10,90,80,72,92,30,57,,,,,,,"Diver, Flair, Technical Dribbler (CPU AI Only)",71,85,62,72,83,94,78,78,72,91+1,91,90+1,92,86,84,77,61,80-6,45,70,56,36,87,72,81,,21,24,33,9,9,15,15,11,81+3,81+3,81+3,85+3,84+3,84+3,84+3,85+3,83+3,83+3,83+3,83+3,75+3,75+3,75+3,83+3,62+3,56+3,56+3,56+3,62+3,58+3,45+3,45+3,45+3,58+3
,,,,,,,,,,,,,,,,,,,,,,,,,,,,,,,,,,,,,,,,,,,,,,,,,,,,,,,,,,,,,,,,,,,,,,,,,,,,,,,,,,,,,,,,,,,,,,,,,,,,,,,,
15,190871,https://sofifa.com/player/190871/neymar-da-silva-santos-jr/15/157759,Neymar,Neymar da Silva Santos Junior,22,2/5/1992,175,64,Brazil,FC Barcelona,86,91,0,0,LW,Right,5,5,5,High/Medium,Lean,Yes,,"#Speedster, #Dribbler, #Acrobat",LW,11,,7/1/2013,2018,CF,10,90,80,72,92,30,58,,,,,,,"Diver, Flair, Technical Dribbler (CPU AI Only)",71+1,85+1,62,72-3,83,94+2,78,78,72-1,90-1,91,89,92,86,84,77,61,86,45,70+1,56,36,87,72-2,81,,21,24,33,9,9,15,15,11,82+3,82+3,82+3,83+3,82+3,82+3,82+3,83+3,82+3,82+3,82+3,82+3,73+3,73+3,73+3,82+3,61+3,59+3,59+3,59+3,61+3,55+3,45+3,45+3,45+3,55+3
