year,sofifa_id,player_url,short_name,long_name,age,dob,height_cm,weight_kg,nationality,club,overall,potential,value_eur,wage_eur,player_positions,preferred_foot,international_reputation,weak_foot,skill_moves,work_rate,body_type,real_face,release_clause_eur,player_tags,team_position,team_jersey_number,loaned_from,joined,contract_valid_until,nation_position,nation_jersey_number,pace,shooting,passing,dribbling,defending,physic,gk_diving,gk_handling,gk_kicking,gk_reflexes,gk_speed,gk_positioning,player_traits,attacking_crossing,attacking_finishing,attacking_heading_accuracy,attacking_short_passing,attacking_volleys,skill_dribbling,skill_curve,skill_fk_accuracy,skill_long_passing,skill_ball_control,movement_acceleration,movement_sprint_speed,movement_agility,movement_reactions,movement_balance,power_shot_power,power_jumping,power_stamina,power_strength,power_long_shots,mentality_aggression,mentality_interceptions,mentality_positioning,mentality_vision,mentality_penalties,mentality_composure,defending_marking,defending_standing_tackle,defending_sliding_tackle,goalkeeping_diving,goalkeeping_handling,goalkeeping_kicking,goalkeeping_positioning,goalkeeping_reflexes,ls,st,rs,lw,lf,cf,rf,rw,lam,cam,ram,lm,lcm,cm,rcm,rm,lwb,ldm,cdm,rdm,rwb,lb,lcb,cb,rcb,rb
20,209331,https://sofifa.com/player/209331/mohamed-salah/20/159586,M. Salah,Mohamed  Salah Ghaly,27,6/15/92,175,71,Egypt,Liverpool,90,90,80500000,240000,"RW, ST",Left,3,3,4,High/Medium,PLAYER_BODY_TYPE_25,Yes,148900000,"#Speedster, #Dribbler, #Acrobat, #Clinical Finisher, #Complete Forward",RW,11,,7/1/17,2023,RW,10,93,86,81,89,45,74,,,,,,,"Beat Offside Trap, Argues with Officials, Early Crosser, Speed Dribbler (CPU AI Only), Outside Foot Shot",79,90,59,84,79,89,83,69,75,89,94,92,91,92,88,80,69,85,73,84,63,55,92,84,77,91,38,43,41,14,14,9,11,14,84+3,84+3,84+3,88+3,88+3,88+3,88+3,88+3,87+3,87+3,87+3,87+3,81+3,81+3,81+3,87+3,70+3,67+3,67+3,67+3,70+3,66+3,57+3,57+3,57+3,66+3
19,209331,https://sofifa.com/player/209331/mohamed-salah/19/159222,M. Salah,Mohamed  Salah Ghaly,26,6/15/92,175,71,Egypt,Liverpool,88,89,69500000,255000,RW,Left,3,3,4,High/Medium,PLAYER_BODY_TYPE_25,Yes,133800000,"#Speedster, #Dribbler, #Acrobat, #Clinical Finisher, #Complete Forward",RW,11,,7/1/17,2023,RM,10,92,84,79,89,45,72,,,,,,,"Beat Offside Trap, Finesse Shot, Speed Dribbler (CPU AI Only), Chip Shot (CPU AI Only), Backs Into Player",78,90,59,82,73,89,83,60,72,88,94,91,91,91,88,77,68,84,70,83,63,55,90,82,61,91,38,43,41,14,14,9,11,14,83+3,83+3,83+3,87+3,86+3,86+3,86+3,87+3,86+3,86+3,86+3,86+3,80+3,80+3,80+3,86+3,70+3,66+3,66+3,66+3,70+3,66+3,57+3,57+3,57+3,66+3
18,209331,https://sofifa.com/player/209331/mohamed-salah/18/158855,M. Salah,Mohamed  Salah Ghaly,25,6/15/92,175,71,Egypt,Liverpool,83,86,32500000,135000,RW,Left,3,2,4,High/Medium,Normal,Yes,64200000,"#Speedster, #Dribbler, #Acrobat",RW,11,,7/1/17,2022,ST,10,93,73,74,87,45,66,,,,,,,"Beat Offside Trap, Finesse Shot, Speed Dribbler (CPU AI Only)",73+2,79+1,59,79+1,71+2,87,70+11,60,65+2,87,93+1,93+1,86,82+2,84,71,70,77,61+1,62,63,55,83,78+7,61,75,37,43,41,14,14,9,11,14,79+1,79+1,79+1,83+1,82+1,82+1,82+1,83+1,82+1,82+1,82+1,83+1,76+1,76+1,76+1,83+1,68+1,64+1,64+1,64+1,68+1,65+1,56+1,56+1,56+1,65+1
17,209331,https://sofifa.com/player/209331/mohamed-salah/17/158492,M. Salah,Mohamed  Salah Ghaly,24,6/15/92,175,72,Egypt,Roma,81,86,23000000,70000,RW,Left,2,4,4,High/Medium,Lean,Yes,,"#Speedster, #Dribbler, #Acrobat",RW,11,,1/26/14,2019,RM,10,91,72,70,86,45,65,,,,,,,Speed Dribbler (CPU AI Only),69+1,77,59,76+1,69,87+1,59,60,63,87+1,92,91,86,80,84,71,70,77,60,62+1,63,55,81+4,71,61,73,37,43,41,14,14,9,11,14,77+0,77+0,77+0,81+0,81+0,81+0,81+0,81+0,80+0,80+0,80+0,81+0,74+0,74+0,74+0,81+0,67+0,63+0,63+0,63+0,67+0,64+0,56+0,56+0,56+0,64+0
16,209331,https://sofifa.com/player/209331/mohamed-salah/16/158127,M. Salah,Mohamed  Salah Ghaly,23,6/15/92,175,69,Egypt,Roma,80,87,20500000,90000,RW,Left,2,4,4,High/Medium,Lean,Yes,,"#Speedster, #Dribbler",RW,11,Chelsea,,2016,RM,11,91,72,71,85,45,65,,,,,,,Speed Dribbler (CPU AI Only),68+1,77+1,59+1,75+1,69+1,86+1,64+1,68+1,67+1,86+1,92,91-3,86,75+1,84,75+1,70,77,60,61+1,63+1,55+1,77+1,71+1,63+1,,37+1,43+1,41+1,14+1,14+1,9+1,11+1,14+1,76+0,76+0,76+0,80+0,79+0,79+0,79+0,80+0,78+0,78+0,78+0,79+0,73+0,73+0,73+0,79+0,66+0,62+0,62+0,62+0,66+0,63+0,55+0,55+0,55+0,63+0
15,209331,https://sofifa.com/player/209331/mohamed-salah/15/157759,M. Salah,Mohamed  Salah Ghaly,22,6/15/92,175,72,Egypt,Chelsea,76,84,0,0,RM,Left,1,4,4,High/Medium,Lean,Yes,,#Speedster,SUB,17,,1/26/14,2020,LM,23,93,65,70,83,48,64,,,,,,,"Flair, Speed Dribbler (CPU AI Only)",67+2,68,58,74,48,85-1,63,67,66,81-8,92,94,86,69+1,80,74,70,77,59+1,50,61,59,73,69,62,,47,41,39,13,13,8,10,13,71+0,71+0,71+0,77+0,73+0,73+0,73+0,77+0,74+0,74+0,74+0,76+0,69+0,69+0,69+0,76+0,65+0,64+0,64+0,64+0,65+0,60+0,54+0,54+0,54+0,60+0