﻿year,sofifa_id,player_url,short_name,long_name,age,dob,height_cm,weight_kg,nationality,club,overall,potential,value_eur,wage_eur,player_positions,preferred_foot,international_reputation,weak_foot,skill_moves,work_rate,body_type,real_face,release_clause_eur,player_tags,team_position,team_jersey_number,loaned_from,joined,contract_valid_until,nation_position,nation_jersey_number,pace,shooting,passing,dribbling,defending,physic,gk_diving,gk_handling,gk_kicking,gk_reflexes,gk_speed,gk_positioning,player_traits,attacking_crossing,attacking_finishing,attacking_heading_accuracy,attacking_short_passing,attacking_volleys,skill_dribbling,skill_curve,skill_fk_accuracy,skill_long_passing,skill_ball_control,movement_acceleration,movement_sprint_speed,movement_agility,movement_reactions,movement_balance,power_shot_power,power_jumping,power_stamina,power_strength,power_long_shots,mentality_aggression,mentality_interceptions,mentality_positioning,mentality_vision,mentality_penalties,mentality_composure,defending_marking,defending_standing_tackle,defending_sliding_tackle,goalkeeping_diving,goalkeeping_handling,goalkeeping_kicking,goalkeeping_positioning,goalkeeping_reflexes,ls,st,rs,lw,lf,cf,rf,rw,lam,cam,ram,lm,lcm,cm,rcm,rm,lwb,ldm,cdm,rdm,rwb,lb,lcb,cb,rcb,rb
20,200389,https://sofifa.com/player/200389/jan-oblak/20/159586,J. Oblak,Jan Oblak,26,1/7/93,188,87,Slovenia,Atl√©tico Madrid,91,93,77500000,125000,GK,Right,3,3,1,Medium/Medium,Normal,Yes,164700000,,GK,13,,7/16/14,2023,GK,1,,,,,,,87,92,78,89,52,90,"Flair, Acrobatic Clearance",13,11,15,43,13,12,13,14,40,30,43,60,67,88,49,59,78,41,78,12,34,19,11,65,11,68,27,12,18,87,92,78,90,89,,,,,,,,,,,,,,,,,,,,,,,,,,
19,200389,https://sofifa.com/player/200389/jan-oblak/19/159222,J. Oblak,Jan Oblak,25,1/7/93,188,87,Slovenia,Atl√©tico Madrid,90,93,68000000,94000,GK,Right,3,3,1,Medium/Medium,Normal,Yes,144500000,,GK,13,,7/17/14,2021,SUB,1,,,,,,,86,92,78,89,52,88,"Puncher, GK Long Throw, Comes For Crosses",13,11,15,29,13,12,13,14,26,16,43,60,67,86,49,22,76,41,78,12,34,19,11,70,11,70,27,12,18,86,92,78,88,89,,,,,,,,,,,,,,,,,,,,,,,,,,
18,200389,https://sofifa.com/player/200389/jan-oblak/18/158855,J. Oblak,Jan Oblak,24,1/7/93,189,82,Slovenia,Atl√©tico Madrid,88,93,57000000,82000,GK,Right,3,3,1,Medium/Medium,Normal,No,121100000,,GK,13,,7/17/14,2021,GK,1,,,,,,,84,90,77,84,52,87,"Puncher, GK Long Throw, Comes For Crosses",13,11,15,29,13,12,13,14,26,16,43,60,67,84,49,22,76,41,78,12,34,19,11,55,11,55,14,12,18,84+1,90,77,87,84+2,,,,,,,,,,,,,,,,,,,,,,,,,,
17,200389,https://sofifa.com/player/200389/jan-oblak/17/158492,J. Oblak,Jan Oblak,23,1/7/93,186,87,Slovenia,Atl√©tico Madrid,87,91,50500000,120000,GK,Right,3,3,1,Medium/Medium,Normal,No,,,GK,13,,7/17/14,2021,SUB,1,,,,,,,83,90,77,82,52,87,"Puncher, GK Long Throw, Comes For Crosses",13,11,15,29,13,12,13,14,26,16,43,60,67,84+5,49,22,76,41,78,12,44,19,11,55,11,55,14,12,18,83+4,90+6,77+4,87+3,82-1,,,,,,,,,,,,,,,,,,,,,,,,,,
16,200389,https://sofifa.com/player/200389/jan-oblak/16/158127,J. Oblak,Jan Oblak,22,1/7/93,186,87,Slovenia,Atl√©tico Madrid,81,86,19500000,90000,GK,Right,2,3,1,Medium/Medium,Normal,No,,,GK,13,,7/17/14,2020,SUB,12,,,,,,,77,84,72,82,52,83,"Puncher, GK Long Throw",13-12,14-Nov,15-10,29+1,13-12,13-Dec,13-12,14-11,26+1,16-10,43,60,67,78+4,49,22-3,76,41,78,13-Dec,44+1,19-6,14-Nov,55+30,14-Nov,,14-11,13-Dec,18-7,77+3,84+1,72+5,83+4,82+5,,,,,,,,,,,,,,,,,,,,,,,,,,
15,200389,https://sofifa.com/player/200389/jan-oblak/15/157759,J. Oblak,Jan Oblak,21,1/7/93,188,77,Slovenia,Atl√©tico Madrid,77,82,0,0,GK,Right,1,3,1,Medium/Medium,Normal,No,,,SUB,13,,7/17/14,2020,SUB,16,,,,,,,74,83,67,77,52,79,"Puncher, GK Long Throw",25,25,25,28,25,25,25,25,25,26,43,60,67,74,49,25,76,41,78,25,43,25,25,25,25,,25,25,25,74,83,67,79,77,,,,,,,,,,,,,,,,,,,,,,,,,,